feature,ks_statistic,p_value,drift_flag
age,0.047180428859139915,0.8793062972398774,False
trestbps,0.23646616541353382,2.4711124119083186e-07,True
chol,0.21345400407459647,3.213122826574451e-06,True
thalach,0.058058753473600636,0.7058224020291815,False
oldpeak,0.4788463003241395,2.3425988337618567e-29,True
