num,proportion
1,0.5533769063180828
0,0.4466230936819172
